<?xml version="1.0" encoding="UTF-8"?>
<beans xmlns="http://www.springframework.org/schema/beans"
    xmlns:xsi="http://www.w3.org/2001/XMLSchema-instance"
    xmlns:context="http://www.springframework.org/schema/context"
    xsi:schemaLocation="http://www.springframework.org/schema/beans">

    <bean id = "dataSource" class = "org.springframework.jdbc.datasource.DriverManagerDataSource">
        <property name = "driverClassName" value="com.mysql.cj.jdbcDriver" />
        <property name = "url" value="jdbc:mariadb://10.0.210.65:3306/esdev" />
        <property name = "username" value="root" />
        <property name = "password" value="ezflow_010" />
    </bean>
    <bean id = "connectDB" class = "Dao.ConnectDB">
        <property name = "dataSource" ref="dataSource" />
    </bean>
</beans>